{"cameraMode":{"drawMode":0,"name":"Shaded","section":"Shading Mode"},"sceneLighting":true,"audioPlay":false,"sceneViewState":{"m_AlwaysRefresh":false,"showFog":true,"showSkybox":true,"showFlares":true,"showImageEffects":true,"showParticleSystems":true,"showVisualEffectGraphs":true,"m_FxEnabled":true},"in2DMode":false,"pivot":{"x":129.6729278564453,"y":18.970382690429689,"z":-13.950606346130371},"rotation":{"x":-0.1717957854270935,"y":-0.09234122186899185,"z":0.01626719906926155,"w":-0.9807964563369751},"size":1.0957649946212769,"orthographic":false}