{"cameraMode":{"drawMode":0,"name":"Shaded","section":"Shading Mode"},"sceneLighting":true,"audioPlay":false,"sceneViewState":{"m_AlwaysRefresh":false,"showFog":true,"showSkybox":true,"showFlares":true,"showImageEffects":true,"showParticleSystems":true,"showVisualEffectGraphs":true,"m_FxEnabled":true},"in2DMode":false,"pivot":{"x":146.49917602539063,"y":8.244219779968262,"z":5.588824272155762},"rotation":{"x":-0.28062212467193606,"y":0.0063751377165317539,"z":-0.0017594697419553996,"w":-0.959934413433075},"size":1.0957649946212769,"orthographic":false}