{"cameraMode":{"drawMode":0,"name":"Shaded","section":"Shading Mode"},"sceneLighting":true,"audioPlay":false,"sceneViewState":{"m_AlwaysRefresh":false,"showFog":true,"showSkybox":true,"showFlares":true,"showImageEffects":true,"showParticleSystems":true,"showVisualEffectGraphs":true,"m_FxEnabled":true},"in2DMode":false,"pivot":{"x":130.7821502685547,"y":-13.402752876281739,"z":34.117183685302737},"rotation":{"x":-0.29791638255119326,"y":0.28410953283309939,"z":-0.09316238760948181,"w":-0.9066893458366394},"size":27.45094871520996,"orthographic":false}