{"cameraMode":{"drawMode":0,"name":"Shaded","section":"Shading Mode"},"sceneLighting":false,"audioPlay":false,"sceneViewState":{"m_AlwaysRefresh":false,"showFog":true,"showSkybox":false,"showFlares":true,"showImageEffects":true,"showParticleSystems":true,"showVisualEffectGraphs":true,"m_FxEnabled":true},"in2DMode":false,"pivot":{"x":16.108980178833009,"y":0.9057000875473023,"z":0.6868630647659302},"rotation":{"x":0.094439297914505,"y":-0.13191752135753632,"z":0.012575415894389153,"w":0.9867528080940247},"size":1.6180471181869507,"orthographic":false}