{"cameraMode":{"drawMode":0,"name":"Shaded","section":"Shading Mode"},"sceneLighting":false,"audioPlay":false,"sceneViewState":{"m_AlwaysRefresh":false,"showFog":false,"showSkybox":false,"showFlares":false,"showImageEffects":false,"showParticleSystems":false,"showVisualEffectGraphs":true,"m_FxEnabled":true},"in2DMode":false,"pivot":{"x":0.032281544059515,"y":2.0220041275024416,"z":-0.44013991951942446},"rotation":{"x":0.02282160148024559,"y":-0.9596035480499268,"z":0.08137701451778412,"w":0.26867949962615969},"size":2.6505470275878908,"orthographic":false}