{"cameraMode":{"drawMode":0,"name":"Shaded","section":"Shading Mode"},"sceneLighting":false,"audioPlay":false,"sceneViewState":{"m_AlwaysRefresh":false,"showFog":true,"showSkybox":false,"showFlares":true,"showImageEffects":true,"showParticleSystems":true,"showVisualEffectGraphs":true,"m_FxEnabled":true},"in2DMode":false,"pivot":{"x":22.540000915527345,"y":0.8591998815536499,"z":12.529999732971192},"rotation":{"x":-0.1367616355419159,"y":0.5988350510597229,"z":-0.10472787171602249,"w":-0.7821955680847168},"size":1.0922220945358277,"orthographic":false}