{"cameraMode":{"drawMode":0,"name":"Shaded","section":"Shading Mode"},"sceneLighting":false,"audioPlay":false,"sceneViewState":{"m_AlwaysRefresh":false,"showFog":false,"showSkybox":false,"showFlares":false,"showImageEffects":false,"showParticleSystems":false,"showVisualEffectGraphs":true,"m_FxEnabled":true},"in2DMode":false,"pivot":{"x":0.14324723184108735,"y":0.11139362305402756,"z":0.04239826649427414},"rotation":{"x":-0.32201525568962099,"y":-0.35234057903289797,"z":0.1307334452867508,"w":-0.8690614104270935},"size":0.1255156546831131,"orthographic":false}