{"cameraMode":{"drawMode":0,"name":"Shaded","section":"Shading Mode"},"sceneLighting":false,"audioPlay":false,"sceneViewState":{"m_AlwaysRefresh":false,"showFog":false,"showSkybox":false,"showFlares":false,"showImageEffects":false,"showParticleSystems":false,"showVisualEffectGraphs":true,"m_FxEnabled":true},"in2DMode":false,"pivot":{"x":0.03524208068847656,"y":2.1732685565948488,"z":-0.03882750868797302},"rotation":{"x":-0.26092058420181277,"y":-0.47935527563095095,"z":0.1517750471830368,"w":-0.8241747617721558},"size":2.6505467891693117,"orthographic":false}