{"cameraMode":{"drawMode":0,"name":"Shaded","section":"Shading Mode"},"sceneLighting":false,"audioPlay":false,"sceneViewState":{"m_AlwaysRefresh":false,"showFog":false,"showSkybox":false,"showFlares":false,"showImageEffects":false,"showParticleSystems":false,"showVisualEffectGraphs":true,"m_FxEnabled":true},"in2DMode":false,"pivot":{"x":0.08649599552154541,"y":0.7788093090057373,"z":0.11853569746017456},"rotation":{"x":-0.10106498748064041,"y":-0.14425797760486604,"z":0.01478323619812727,"w":-0.9843409061431885},"size":1.2972877025604249,"orthographic":false}